firstname,lastname,ip
Kendell,Hanlon,228.108.176.100
Wright,Dight,108.99.182.5
Benoit,Gostage,77.228.30.221
Tommie,Milazzo,38.117.174.17
Jamill,Bootyman,83.3.96.128
Byrle,Hasel,25.107.255.82
Silvan,Goacher,82.237.5.96
Denys,Thunnercliffe,227.81.71.13
Wallis,Burgen,125.40.69.185
Farly,Mattersey,39.28.210.92
Yance,Doale,54.225.36.61
Maddie,Gowry,45.121.176.96
Asher,Zupone,63.13.78.255
Uri,Brignell,44.13.124.65
Brose,Redsell,212.95.253.84
Thurstan,Patnelli,30.67.215.81
Marco,Ondrich,1.232.8.202
Borg,Cassel,6.150.209.49
Tomas,Slimming,52.217.176.19
Meade,Beakes,80.122.168.226
Chrisy,Hursthouse,167.218.106.224
Danny,Lindelof,125.28.46.148
Brandon,Winser,142.93.43.28
Filbert,Adaway,138.169.213.161
Brnaba,Swaby,77.68.21.117
Gasparo,MacAvddy,129.13.194.181
Esme,Kolin,44.135.131.195
Mikey,Crowhurst,244.210.21.205
Gordan,Hathway,121.244.161.237
Herby,Newart,236.130.130.109
Nickola,Doodson,226.113.113.56
Melvin,Heibel,105.60.73.11
Eben,Woan,230.0.154.157
Gerry,Mendenhall,189.222.235.173
Patrick,Cheater,212.11.29.9
Prentice,Feldklein,100.197.75.176
Orland,Trawin,225.211.2.107
Hagen,Pitrelli,208.23.213.128
Bord,Brandacci,128.187.158.134
Diego,Desmond,181.162.150.39
Johnathan,Kilty,5.8.55.238
Cassie,Hulbert,205.139.13.193
Nathanil,Gilbank,253.28.93.248
Colby,Grieveson,212.161.25.88
Halsy,Giveen,167.180.212.106
Allyn,Abramovitz,4.57.98.140
Nat,Janssen,166.104.209.19
Hermon,Le Monnier,29.162.173.231
Orin,Collyer,160.54.144.32
Reinald,Booty,88.135.143.211
Ezechiel,Keeney,31.172.197.152
Hendrick,Whiley,234.93.201.42
Ingrim,Christensen,186.52.53.254
Chase,Bolsteridge,18.104.251.142
Cordy,Jandera,154.73.149.92
Bartholomew,Manchett,6.5.251.120
Egor,Brownett,48.164.240.143
Johannes,Kingsman,236.91.90.118
Jack,Kesper,107.152.204.16
Lockwood,Alelsandrowicz,99.128.118.249
Garvey,Gosalvez,74.241.87.70
Skelly,Sumption,134.74.202.141
Selby,Baudichon,100.19.123.4
Herby,Greveson,142.33.209.214
Budd,Kensett,169.75.80.240
Cleve,Murrhaupt,217.168.190.218
Currey,Droghan,168.106.95.80
Karlens,Zannetti,29.132.57.2
Derrek,January,146.196.209.128
Abbie,Gergely,17.183.18.220
Chase,Rennick,103.171.150.108
Bryn,Bletso,171.180.58.228
Damiano,Summerscales,235.191.186.240
Ferdinand,Franek,237.125.169.230
Arne,Quainton,10.157.90.27
Hansiain,Ferraretto,223.252.19.38
Oren,Woodrooffe,68.20.153.156
Willie,Colliard,12.185.49.155
Beau,Cicchillo,208.225.33.245
Horatio,Farey,9.134.105.172
Peter,Lammie,32.41.45.64
Kevin,Gainsborough,30.165.95.68
Hastie,Drought,92.154.0.139
Augusto,Van Arsdall,224.60.180.189
Giles,Marsh,61.49.126.134
Luce,Tomowicz,30.2.47.243
Kalil,Ioan,62.179.108.208
Gabe,O' Liddy,211.234.138.22
Erich,Ebbing,155.84.239.232
Winthrop,Patrickson,9.214.23.29
Pacorro,Dugmore,185.3.68.197
Tony,McArley,71.235.103.58
Heall,Giamelli,89.189.135.253
Shermy,Garza,32.140.129.215
Lee,O'Hagan,149.40.71.255
Noby,Westrip,90.87.240.156
Shep,Smelley,204.122.223.65
Rafaellle,Boydell,214.216.21.142
Jamal,Daggett,96.134.39.64
Lydon,Brighty,75.53.116.11
